Username,Password,GivenName,Surname,TelephoneNumber,EmailAddress,Gender,Longitude,Latitude,StreetAddress,City,ZipCode
Otibitepar,Joyai6no6S,Elena,Jovanović,254-542-3975,ElenaJovanovic@einrot.com,female,-97.911385,31.255765,"1417 Sussex Court","Copperas Cove",76552
Hund1986,ohy0eo0Foh,Iva,Lončar,308-352-8450,IvaLoncar@teleworm.us,female,-101.739662,40.832218,"4346 Romrog Way",Grant,69140
Whons1950,quai1eiBoqu3,Grgur,Barišić,508-219-1657,GrgurBarisic@gustr.com,male,-71.012592,42.319553,"4208 Stadium Drive",Cambridge,02141
Farretionly,Be1dush0,Maja,Grubišić,615-947-7966,MajaGrubisic@superrito.com,female,-86.72983,35.946079,"2616 Buffalo Creek Road",Antioch,37013
Bliguld,uaquag9ahT,Zdravka,Rukavina,847-528-3259,ZdravkaRukavina@dayrep.com,female,-87.998992,41.71741,"2392 Thomas Street","Burr Ridge",61257
Wiler1948,LieZood7eesh,Štefanija,Miletić,425-330-8686,StefanijaMiletic@gustr.com,female,-122.251481,47.900667,"336 Ryder Avenue",Everett,98203
Liet1998,Dew4oaM1,Mojmir,Bačić,267-413-0776,MojmirBacic@rhyta.com,male,-75.042294,40.307994,"2000 Quincy Street",Warminster,18974
Poseveropme,eeshi2aBae,Vjekoslav,Petrović,810-581-4524,VjekoslavPetrovic@teleworm.us,male,-83.190562,42.443908,"4171 Perry Street",Southfield,48075
Camesquill,ThoaC4ji,Zdenko,Vidović,850-994-8178,ZdenkoVidovic@rhyta.com,male,-87.076124,30.512035,"1916 American Drive",Pace,32571
Resprommed,aeC0Fohmai,Vinko,Horvat,785-562-7280,VinkoHorvat@jourrapide.com,male,-96.654181,39.909338,"4667 Sigley Road",Marysville,66508
Ariend,pohsaix8Ai,Sanja,Vuković,419-355-4080,SanjaVukovic@jourrapide.com,female,-83.20072,41.370003,"1531 Olive Street",Fremont,43420
Thoughty1944,Ahx2zaa4,Danica,Jović,980-622-0919,DanicaJovic@cuvox.de,female,-80.88441,35.261138,"2508 Swick Hill Street",Charlotte,28202
Occonever45,nei7eiPuNol,Ksenija,Perić,360-281-9142,KsenijaPeric@fleckens.hu,female,-122.767162,45.642622,"4064 Terra Street",Vancouver,98660
Peaske,biech6oLah,Blaženka,Novosel,302-399-8819,BlazenkaNovosel@armyspy.com,female,-75.140042,40.074852,"3101 Callison Lane",Philadelphia,19108
Quichaved,ahF1phae,Ozren,Jovanović,585-420-8245,OzrenJovanovic@cuvox.de,male,-77.587986,43.103306,"4486 Walt Nuzum Farm Road",Rochester,14604
Calkich,UeB7osoiw7Th,Anto,Bačić,843-415-3631,AntoBacic@rhyta.com,male,-80.818132,32.312543,"1993 Jerry Dove Drive",Bluffton,29910
Whily1995,Theepeen5M,Držislav,Hrvatin,910-318-7069,DrzislavHrvatin@teleworm.us,male,-79.420975,34.825981,"691 Ray Court",Laurinburg,28352
Lowee1969,aeCho3ju,Klara,Pranjić,516-805-9661,KlaraPranjic@fleckens.hu,female,-73.543157,40.644581,"3572 Westwood Avenue","Garden City",11530
Lythe1989,eiNg1vee,Slavica,Tomić,712-210-2658,SlavicaTomic@jourrapide.com,female,-94.906497,42.109022,"1757 Woodland Drive",Carroll,51401
Anxich,eoZugohng0,Doris,Marković,781-715-1469,DorisMarkovic@armyspy.com,female,-71.116178,42.457555,"1540 Tenmile Road",Boston,02110
Hoset1970,chooNg9ushie,Jasmina,Dujmović,360-366-8807,JasminaDujmovic@jourrapide.com,female,-122.687254,49.010525,"4605 Terra Street",Custer,98240
Rundepress,Nechu9vai,Tomica,Marinović,626-367-6842,TomicaMarinovic@rhyta.com,male,-117.515291,34.068251,"2258 Middleville Road",Ontario,91761
Staided,jutoosh7yaeG,Jasmin,Bošnjak,520-413-1804,JasminBosnjak@jourrapide.com,male,-112.082641,33.526965,"2026 Parkway Drive",Phoenix,85034
Anscialtat,aCh1dohk9a,Dejan,Jukić,310-778-5575,DejanJukic@dayrep.com,male,-118.39258,33.806438,"2208 Meadowbrook Mall Road",Gardena,90247
Alose1972,Ahfei2shief6,Berislava,Bošnjak,630-692-0098,BerislavaBosnjak@rhyta.com,female,-88.278069,41.741067,"2252 Steele Street",Aurora,60505
Capils,Loo0Pohseda,Tuga,Jovanović,859-868-9843,TugaJovanovic@rhyta.com,female,-84.582601,38.072778,"3898 Counts Lane",Lexington,40507
Quared67,eeMee3aK9tah,Ivan,Vuković,317-489-6489,IvanVukovic@armyspy.com,male,-86.210217,39.820727,"4868 Barfield Lane",Indianapolis,46225
Himmenting,iT0Seiyead2,Emil,Ivanović,617-949-1191,EmilIvanovic@superrito.com,male,-71.106677,42.414044,"2621 Rainy Day Drive",Boston,02199
Incromment,aeN1Choo1j,Tuga,Petković,304-767-4333,TugaPetkovic@superrito.com,female,-81.678047,38.407695,"3813 Augusta Park",Dunbar,25064
Haided,Nurie6tie6g,Miro,Vidaković,678-607-5450,MiroVidakovic@teleworm.us,male,-84.244056,33.9642,"3179 Hanifan Lane",Norcross,30071
Execonverve,ohp2eSh8kei,Olga,Radić,830-522-7645,OlgaRadic@superrito.com,female,-98.356841,29.414696,"4359 Farland Avenue","San Antonio",78218
Mothesseze,Tae1iechai,Milenko,Marjanović,484-541-3689,MilenkoMarjanovic@superrito.com,male,-75.400612,40.648697,"1014 Franklee Lane",Allentown,18109
Rems1949,Mee7Ohfeiqu,Marina,Pavičić,828-429-3551,MarinaPavicic@fleckens.hu,female,-80.791883,35.263776,"4497 Hannah Street",Charlotte,28263
Joaroarry,miy2Arei2y,Ivo,Hrvat,240-818-4711,IvoHrvat@teleworm.us,male,-77.548427,39.728149,"1576 Bobcat Drive",Smithsburg,21783
Therver,Naep5Thie,Olga,Radić,860-793-9096,OlgaRadic@armyspy.com,female,-72.891583,41.730823,"2507 Maxwell Street",Plainville,06062
Brod1966,ahN8Eib7ae,Svetoslav,Kovačević,760-255-8697,SvetoslavKovacevic@cuvox.de,male,-117.025511,35.027801,"3338 Parkway Street",Barstow,92311
Faceink,Hohm2eereazai,Snježana,Petković,404-476-3407,SnjezanaPetkovic@armyspy.com,female,-84.384087,33.819445,"1301 Clement Street",Atlanta,30303
Pletent49,tae6Aeh6Fee,Jakov,Zagorec,660-529-4495,JakovZagorec@teleworm.us,male,-93.029409,39.297114,"3707 Blair Court",Slater,65349
Elbectern,Ooph5co1mi,Mislav,Tomić,210-687-9867,MislavTomic@rhyta.com,male,-98.682844,29.580546,"1073 Fidler Drive","San Antonio",78255
Tionat,ce9ro4aek3B,Margareta,Pavlović,513-294-0116,MargaretaPavlovic@teleworm.us,female,-81.787,38.886012,"4996 Walnut Hill Drive",Portland,45204
Whersuch,Quahzie1cee,Silvija,Jović,580-957-3347,SilvijaJovic@rhyta.com,female,-99.064783,35.439008,"4869 Dovetail Estates",Clinton,73601
Staket1943,Nahxe1shai,Dalibor,Jurković,361-305-1315,DaliborJurkovic@dayrep.com,male,-97.532886,27.696503,"455 Washington Street","Corpus Christi",78476
Worge1966,Oghoe4dikei,Božidarka,Kralj,336-759-4527,BozidarkaKralj@fleckens.hu,female,-80.346861,36.124179,"4849 Jones Avenue","Winston Salem",27001
Offera91,Gue3phiz7,Krunoslav,Lovrić,484-341-5348,KrunoslavLovric@teleworm.us,male,-122.609498,45.56739,"1204 Renwick Drive",Portland,97205
Upow1988,tae7jaeD,Tonka,Ivanović,724-250-1379,TonkaIvanovic@dayrep.com,female,-80.207365,40.236923,"103 Pine Street",Washington,15301
Hatishe1976,aiye7Eijo,Slavoljub,Babić,732-286-4710,SlavoljubBabic@superrito.com,male,-74.157202,39.99568,"560 Pooz Street","Toms River",08753
Cater1966,ePohTh3Mo8i,Tereza,Knežević,805-534-8072,TerezaKnezevic@fleckens.hu,female,-120.90142,35.376011,"4288 Leisure Lane","Baywood Park",93401
Bobselp,phi9gaiShau,Mateo,Herceg,803-473-6659,MateoHerceg@teleworm.us,male,-80.168152,33.668058,"2942 Still Pastures Drive","North Manning",29102
Liend1991,doh9Lobai,Mihaela,Ivanković,703-786-2768,MihaelaIvankovic@cuvox.de,female,-76.926523,38.952916,"3045 Perine Street",Beltsville,20705
Copenty,aL5sae7aixae,Paula,Martinović,727-575-1941,PaulaMartinovic@superrito.com,female,-82.585528,27.846886,"730 Maryland Avenue","Feather Sound",34622
Lairger,eizoo8Thee,Patricija,Janković,256-304-0214,PatricijaJankovic@teleworm.us,female,-85.779237,34.345153,"4816 Ritter Street","Fort Payne",35967
Woured,yoh9ioLohD,Neda,Stolar,423-576-8305,NedaStolar@teleworm.us,female,-82.449342,36.582765,"2884 Raver Croft Drive",Blountville,37617
Ponwas45,Kah0quiew9ae,Ranka,Nikolić,859-695-4146,RankaNikolic@einrot.com,female,-84.441738,38.101385,"709 Mayo Street",Lexington,40507
Thoromem,eeshahkah2Oo,Petar,Lončar,812-663-7731,PetarLoncar@fleckens.hu,male,-85.521513,39.239714,"1614 Heliport Loop",Greensburg,47240
Thichimphed,maek2uphahCh,Davor,Blažević,678-219-1783,DavorBlazevic@armyspy.com,male,-83.699473,34.013692,"1250 Flint Street",Winder,30680
Siled1976,ohLi4ich,Draženka,Popović,909-559-9059,DrazenkaPopovic@armyspy.com,female,-118.115855,33.945923,"1380 Gordon Street","Santa Fe Springs",90670
Stered,NoNg5eij,Pavo,Matić,320-761-5329,PavoMatic@superrito.com,male,-94.172277,45.431983,"1904 Red Hawk Road","Saint Cloud",56301
Hercerays,Ve2ar9os,Zdenka,Novosel,712-237-1633,ZdenkaNovosel@rhyta.com,female,-96.192965,42.364052,"2743 Woodland Drive","Sergeant Bluff",51054
Desed2000,aiXeiP0looGh,Radojka,Milić,619-468-9684,RadojkaMilic@fleckens.hu,female,-116.595632,32.661513,"3051 Ashcraft Court",Dulzura,92017
Stoluch,ruChe5joh,Ivona,Brajković,509-451-4938,IvonaBrajkovic@jourrapide.com,female,-120.561533,46.619259,"4989 Mudlick Road",Yakima,98902
Brobbegreare,cooNue4oom,Gordan,Brkić,323-224-5411,GordanBrkic@jourrapide.com,male,-118.122562,34.062263,"1225 Rosemont Avenue","Los Angeles",90031
Abires1959,EisheeB0ee,Antonija,Radić,312-243-8354,AntonijaRadic@fleckens.hu,female,-87.742858,41.933234,"4243 Cecil Street",Chicago,60607
Thermised02,aih4xaeQu,Nenad,Cindrić,978-298-0794,NenadCindric@gustr.com,male,-71.470356,42.481892,"1555 Pearlman Avenue",Acton,01720
Andoweent,Eey3ahz8Kee,Viktor,Obad,208-840-3643,ViktorObad@jourrapide.com,male,-111.648948,42.271343,"447 Modoc Alley",Preston,83263
Theregan,fu0yee3Bao,Hana,Perković,720-496-2234,HanaPerkovic@superrito.com,female,-104.884317,39.788808,"826 Clay Lick Road",Denver,80203
Luctly1975,ahp0Che7n,Milena,Barić,402-381-8667,MilenaBaric@einrot.com,female,-96.916204,40.656774,"1251 Poling Farm Road",Crete,68333
Ploust69,Inaez0acho,Đurđica,Matković,770-631-8176,DurdicaMatkovic@fleckens.hu,female,-84.516777,33.325265,"4675 Lakeland Park Drive","Peachtree City",30269
Waid1973,iew3ieF8ah,Vojmil,Kralj,707-565-7542,VojmilKralj@gustr.com,male,-122.813015,38.348463,"1206 Marietta Street","Santa Rosa",95401
Exciou1994,naeh0Oaroo,Romana,Barić,830-773-9092,RomanaBaric@cuvox.de,female,-100.411427,28.783176,"1094 Crestview Terrace","Eagle Pass",78852
Ofterhaver,Zoo9queingo,Berivoj,Marušić,810-570-0888,BerivojMarusic@superrito.com,male,-83.266317,42.439714,"4302 Perry Street",Detroit,48219
Oneret,vaif6Kae,Martina,Popović,248-570-4161,MartinaPopovic@jourrapide.com,female,-83.262387,42.485664,"2655 Bartlett Avenue",Detroit,48219
Hadve1951,Aeboh6vie,Desimir,Novaković,727-744-3837,DesimirNovakovic@cuvox.de,male,-82.139306,27.896301,"466 County Line Road","Plant City",33566
Plareput,eiBooK9Aa,Leona,Duvnjak,262-257-5732,LeonaDuvnjak@gustr.com,female,-88.198986,43.212631,"3657 Oakridge Farm Lane","Menomonee Falls",53051
Galeafeend,meif5ReiP2,Dubravka,Lovrić,818-223-2918,DubravkaLovric@rhyta.com,female,-118.68934,34.091874,"2513 New York Avenue",Calabasas,91302
Martand,akee7Ooser5,Dubravka,Tadić,302-345-4055,DubravkaTadic@einrot.com,female,-75.324042,40.155594,"2786 Argonne Street",Eagleville,19403
Theyeacest,Reng5mahr,Antonio,Živković,321-757-0300,AntonioZivkovic@rhyta.com,male,-80.7486,28.160338,"4356 Rosemont Avenue",Melbourne,32935
Rablect,aSh8theShi,Darijo,Mandić,812-498-4628,DarijoMandic@jourrapide.com,male,-85.903214,38.907325,"2878 Lucy Lane",Seymour,47274
Begazy,ahqu4tieSh3,Teha,Rukavina,360-786-4676,TehaRukavina@gustr.com,female,-122.951571,47.045293,"2948 Pinnickinick Street",Olympia,98501
Sawn1992,Phae9Tohwei,Andrea,Vidaković,484-601-9056,AndreaVidakovic@fleckens.hu,female,-75.195483,40.047073,"4907 Franklee Lane","Fort Washington",19034
Gainglaing,aeK0cheeToh,Ana,Popović,225-336-5255,AnaPopovic@rhyta.com,female,-91.105169,30.499697,"1182 Washburn Street","Baton Rouge",70802
Ireetwent,ufahgah8Ee,Tihomil,Jerković,817-329-6908,TihomilJerkovic@dayrep.com,male,-97.012212,32.879656,"2988 Oliver Street",Grapevine,76051
Therech,reiPh0th,Manuela,Novaković,617-225-0398,ManuelaNovakovic@jourrapide.com,female,-71.108512,42.417044,"2206 Lynn Street",Cambridge,02141
Fien1962,Io8iegh8,Siniša,Petrović,580-532-9661,SinisaPetrovic@jourrapide.com,male,-97.858637,36.701075,"3303 Cody Ridge Road","Pond Creek",73766
Swifirold60,eehei9Ch,Ankica,Mijatović,832-398-2172,AnkicaMijatovic@cuvox.de,female,-95.475874,29.635453,"2573 Wines Lane",Houston,77030
GencÃ©ed,eiDeih8uizu,Tuga,Čerkez,831-702-7151,TugaCerkez@dayrep.com,female,-121.719673,36.614923,"2460 Emily Renzelli Boulevard",Salinas,93901
Duritenter,ohwiej9eeSh,Ljubomir,Marić,347-754-7891,LjubomirMaric@dayrep.com,male,-73.544065,40.801402,"2577 Redbud Drive","Garden City",11530
Sheire,angoh9Oow,Borislav,Novak,417-526-6362,BorislavNovak@fleckens.hu,male,-93.223865,37.258376,"2149 Twin House Lane",Springfield,65806
Recticem,ohzaet4Avoh,Anja,Marković,503-909-0581,AnjaMarkovic@gustr.com,female,-122.724419,45.574004,"1891 Seneca Drive",Portland,97205
Cipen1968,Yai0pi7l,Lidija,Crnić,417-658-1399,LidijaCrnic@fleckens.hu,female,-93.312669,37.149855,"1954 Chandler Drive",Springfield,65806
Cammiect94,LaZoe3joob,Vedrana,Matijević,717-823-6341,VedranaMatijevic@dayrep.com,female,-76.823577,40.37574,"221 Simpson Avenue",Harrisburg,17111
Fintioned,Oishoi6vuaX,Mihovil,Kovačić,727-298-1546,MihovilKovacic@armyspy.com,male,-82.735754,27.992735,"1854 Badger Pond Lane",Clearwater,34623
Hateep,seeXau8iet,Mateja,Obad,601-851-9825,MatejaObad@teleworm.us,female,-90.117125,32.353855,"358 Devils Hill Road",Jackson,39211
Serroustere,Aiphoo9eyoh,Jasminka,Ćosić,715-872-0380,JasminkaCosic@jourrapide.com,female,-90.481729,45.792687,"2273 Orphan Road","Elk Lake",54739
Everat,iehae4ooH7,Tihomil,Vučković,313-342-7464,TihomilVuckovic@einrot.com,male,-83.185694,42.36088,"2740 Prudence Street",Detroit,48221
Beenessay,ohw5Eequ,Tereza,Janković,765-513-5673,TerezaJankovic@einrot.com,female,-86.265096,40.605431,"4912 Capitol Avenue",Kokomo,46901
Racclut,OhKa9Sem,Dunja,Marić,724-421-5130,DunjaMaric@armyspy.com,female,-79.871455,40.598219,"1196 Stuart Street",Gibsonia,15044
Lankincte,gahL7oom,Tihomil,Ivančić,319-646-2969,TihomilIvancic@armyspy.com,male,-91.920189,41.5742,"1315 Pyramid Valley Road",Wellman,52356
Raiddece,uwohL6quoo8,Leonardo,Jakšić,908-696-7389,LeonardoJaksic@cuvox.de,male,-74.572631,40.743169,"3222 Hedge Street",Bernardsville,07924
Fers1998,keiheToh7u,Zdenka,Kralj,502-552-3093,ZdenkaKralj@rhyta.com,female,-85.488622,38.243032,"2322 Gregory Lane",Louisville,40299
Eale1973,Au3ruPh3th,Ljiljana,Matković,770-507-7269,LjiljanaMatkovic@fleckens.hu,female,-84.108811,33.522047,"1539 Elk Creek Road",Stockbridge,30281
Theraid,Ree1Iec1v,Davorin,Petković,504-525-5393,DavorinPetkovic@einrot.com,male,-90.010148,30.029929,"3523 Paul Wayne Haggerty Road","New Orleans",70112
Derithe,quieGh5loo,Slavko,Perković,954-502-9193,SlavkoPerkovic@einrot.com,male,-80.431048,25.838021,"903 West Fork Drive",Doral,33166
Objes1936,daetu3oTh,Velimir,Klarić,425-948-6494,VelimirKlaric@cuvox.de,male,-122.269415,47.723644,"4230 Stockert Hollow Road",Seattle,98109
Anyinct,Phei1poo5oo,Saša,Jukić,580-960-7284,SasaJukic@jourrapide.com,male,-99.044348,35.583747,"3574 Dovetail Estates",Clinton,73601
Getice,Iboolooc3oh,Nika,Tadić,214-802-3721,NikaTadic@gustr.com,female,-96.834634,32.69403,"1917 Liberty Street",Dallas,75212
Ginsiou42,phohne9Om,Ratko,Tomić,620-647-1988,RatkoTomic@jourrapide.com,male,-96.265647,37.211211,"3667 Oliverio Drive",Moline,67353
Entoo1949,wama0Ok6,Snežana,Bošnjak,530-681-3491,SnezanaBosnjak@armyspy.com,female,-121.225281,38.500352,"151 Eagles Nest Drive","Rancho Cordova",95742
Sorliand47,ieDoo3ahshah,Ognjen,Šimić,716-572-3780,OgnjenSimic@teleworm.us,male,-78.812159,43.031002,"1427 Nuzum Court",Buffalo,14216
Mader1983,faiw7jioV,Cvjetko,Zagorec,740-967-0227,CvjetkoZagorec@armyspy.com,male,-82.58387,40.157639,"4856 Old House Drive",Johnstown,43031
Nottlespiche,sheeFug5Igh,Alen,Pavlović,978-349-6619,AlenPavlovic@armyspy.com,male,-71.06416,42.298074,"2452 Hampton Meadows",Charlestown,02129
Faryinly,Aijohg3tha,Senka,Jozić,712-655-3336,SenkaJozic@einrot.com,female,-95.046187,41.879411,"4467 Centennial Farm Road",Manning,51455
Comisdazied,ohN4xoogh,Srećko,Bosanac,484-813-9672,SreckoBosanac@jourrapide.com,male,-75.186502,39.909307,"547 Berkley Street",Philadelphia,19103
Tharmaket,XeePaen6cha,Karlo,Marjanović,615-589-9349,KarloMarjanovic@armyspy.com,male,-86.737522,36.084979,"70 Green Street",Nashville,37211
Rommout,sahDah3O,Aleksandra,Duvnjak,212-295-8999,AleksandraDuvnjak@teleworm.us,female,-73.912193,40.824748,"2668 Farnum Road","New York",10011
Wouthern,Niev3ruuyu6,Mirjana,Mihaljević,415-449-2425,MirjanaMihaljevic@fleckens.hu,female,-122.356387,37.781973,"4314 Roosevelt Street",Oakland,94612
Coing1944,fein8lae9I,Perica,Grgić,608-406-4345,PericaGrgic@dayrep.com,female,-91.101024,43.85754,"1701 Lauren Drive","La Crosse",54601
Retraid,tohgh9Ie,Daniel,Pavlović,614-627-0655,DanielPavlovic@armyspy.com,male,-82.849588,40.186808,"1774 Palmer Road",Westerville,43081
Lationd1998,nu2Eequohqu,Nina,Horvatinčić,415-374-4123,NinaHorvatincic@dayrep.com,female,-122.361027,37.696878,"4825 Roosevelt Street","San Francisco",94108
Vourpontow,jaish5Eiz,Nediljko,Jerković,708-613-1894,NediljkoJerkovic@cuvox.de,male,-87.915737,41.986287,"4549 Star Route","Arlington Heights",60005
Purmse,theiTh5ye,Jasminka,Jukić,412-227-4174,JasminkaJukic@fleckens.hu,female,-79.878431,40.428774,"4807 Beechwood Drive",Pittsburgh,15219
Polornet,bokahb2ieBie,Šimun,Delić,702-756-2005,SimunDelic@jourrapide.com,male,-115.09714,36.089568,"242 Hickory Ridge Drive","Las Vegas",89119
Seet1987,usooP2aj9hah,Elena,Petković,972-854-5646,ElenaPetkovic@teleworm.us,female,-96.798594,32.871222,"3490 Ash Street",Dallas,75247
Tonve1955,ohGh8kuuch,Ana,Živković,970-515-4376,AnaZivkovic@dayrep.com,female,-104.938784,39.905536,"791 Shobe Lane",Denver,80221
Devell,euN9eeShoh,Sanela,Matković,612-802-8703,SanelaMatkovic@rhyta.com,female,-93.302491,44.872622,"4751 Rocket Drive",Minneapolis,55406
Thistried,hahsaeD2,Milenko,Jozić,715-238-1946,MilenkoJozic@cuvox.de,male,-90.324787,44.584233,"2234 Benson Street",Granton,54436
Broated,Aizumiaph9ah,Dražan,Katić,662-891-2502,DrazanKatic@cuvox.de,male,-88.746304,34.299587,"1305 Tanglewood Road",Tupelo,38801
Andayseen,Aechah7Wah,Gojko,Ivanec,770-617-7077,GojkoIvanec@gustr.com,male,-84.123223,33.932304,"768 Lakeland Park Drive",Norcross,30091
Postre,Ahcoogi9Shu,Neven,Novaković,408-345-4982,NevenNovakovic@einrot.com,male,-121.952762,37.24992,"4306 Driftwood Road","Santa Clara",95050
Capperes,be1ohD4Io0ie,Robert,Pejić,207-712-7596,RobertPejic@cuvox.de,male,-70.205061,43.591288,"1801 Fantages Way",Portland,04101
Ongdaince,iey0jo0Shis,Bernarda,Matković,614-389-3206,BernardaMatkovic@rhyta.com,female,-82.726431,39.966904,"4907 James Martin Circle",Pataskala,43062
Unce1943,ohKu5laeNg8,Ognjen,Marjanović,701-307-3268,OgnjenMarjanovic@teleworm.us,male,-96.807162,46.832621,"903 Catherine Drive",Fargo,58102
Saingly,Bodahvaw2aeNg,Zrina,Jukić,254-341-9530,ZrinaJukic@superrito.com,female,-97.219791,31.505388,"122 Hill Haven Drive",Waco,76710
Sects1952,ahCeeGh8,Damir,Ćosić,925-394-9327,DamirCosic@einrot.com,male,-122.150147,37.774711,"2403 Park Street",Oakland,94606
Hadonse1943,Ra3ash0P,Živka,Ivanković,256-997-0055,ZivkaIvankovic@jourrapide.com,female,-85.615208,34.34228,"1503 New Creek Road","Fort Payne",35967
Ganow1997,eeSahmai4a,Matej,Perković,313-205-4866,MatejPerkovic@gustr.com,male,-83.058298,42.267376,"1246 Nash Street",Detroit,48226
Thearly,Oshahd0Ke9oo,Budimir,Jerković,662-473-4447,BudimirJerkovic@cuvox.de,male,-89.50729,34.066509,"4158 Mcwhorter Road","Water Valley",38965
Thessis,Quai5aePohn,Zrina,Jurišić,720-941-4639,ZrinaJurisic@cuvox.de,female,-104.812128,39.817377,"4491 Leo Street",Denver,80220
Washer,chuc5Phoh,Darijo,Janković,516-637-1667,DarijoJankovic@superrito.com,male,-73.34085,40.833641,"3237 Southern Street",Huntington,11743
Weeneire,oFee6ce3Ch,Tomislav,Jelić,951-378-5377,TomislavJelic@rhyta.com,male,-117.656173,33.929058,"4555 Denver Avenue",Ontario,91761
Obabounceept,AiPi7aph,Leona,Brkić,630-699-0649,LeonaBrkic@dayrep.com,female,-87.702362,41.820859,"861 Steele Street",Chicago,60605
Rellovent,aiveCh4e,Andrea,Pavić,828-479-6444,AndreaPavic@jourrapide.com,female,-83.867339,35.436652,"1297 Diamond Street",Robbinsville,28771
Rento1983,rai6eeQuie,Ana,Kos,810-897-9136,AnaKos@jourrapide.com,female,-83.145148,42.365984,"1398 Tuna Street",Southfield,48075
Dety1987,kahmu8Ahth,Stanka,Grgić,210-677-3200,StankaGrgic@einrot.com,female,-98.513252,29.464248,"4678 Fidler Drive","San Antonio",78227
Ousned,Hoh4raibaqu,Iva,Ivančić,304-830-3732,IvaIvancic@armyspy.com,female,-80.577389,40.149961,"3041 Kelly Drive",Wheeling,26003
Thot1991,duxa4Ievie,Ranko,Mikulić,330-835-7713,RankoMikulic@teleworm.us,male,-81.636867,41.212395,"3344 Rivendell Drive",Akron,44313
Carviche43,Ie5eijiop5Iez,Sara,Miletić,606-896-3536,SaraMiletic@armyspy.com,female,-84.412417,38.129266,"348 North Bend River Road",Lexington,40505
Fewillic,Eichai9Ohgae,Prvoš,Tadić,954-885-3304,PrvosTadic@cuvox.de,male,-80.334757,26.047056,"3305 Pointe Lane",Hollywood,33024
Staend63,diDeex8ai,Zrina,Stanić,419-858-2018,ZrinaStanic@gustr.com,female,-83.704878,41.618823,"2921 Upland Avenue",Toledo,43615
Madever,Queitie9N,Bogdana,Matić,979-230-2002,BogdanaMatic@fleckens.hu,female,-95.427798,29.04329,"1389 Fannie Street",Freeport,77541
Candect,ur5AeLoo,Matija,Mikulić,434-226-4897,MatijaMikulic@teleworm.us,male,-79.077544,37.352751,"4798 South Street",Lynchburg,24504
Chapas,Oht5iZaexei,Roko,Stipanov,650-935-9128,RokoStipanov@rhyta.com,male,-122.308584,37.796279,"3569 Haul Road","San Francisco",94107
Apocumpeat,Ubaesh8ch,Leon,Bašić,636-536-3010,LeonBasic@dayrep.com,male,-90.621655,38.60473,"2928 Rodney Street",Chesterfield,63005
Youlbeat,ohvaeP6jaec,Luka,Milić,660-555-4576,LukaMilic@cuvox.de,male,-94.639887,39.055071,"2122 Blair Court","Kansas City",64106
Shesed,Ohza7eiCah,Nikola,Klarić,781-303-7005,NikolaKlaric@armyspy.com,male,-71.096625,42.255487,"2063 Burke Street",Boston,02210
Foolve,ahlae7Rejei,Mijo,Miletić,701-369-4706,MijoMiletic@fleckens.hu,male,-96.913122,46.993675,"2488 Walnut Drive",Fargo,58102
Incithe1999,sae8ahR1A,Danijela,Vidaković,603-669-3059,DanijelaVidakovic@fleckens.hu,female,-71.425434,42.958303,"3141 Milford Street",Manchester,03101
Bansespoll1936,Im0saZ1Ich7,Dragutin,Kralj,304-263-3685,DragutinKralj@fleckens.hu,male,-77.990093,39.488782,"3782 Tavern Place",Martinsburg,25401
Camedid,xooPei0Ee,Kristijan,Đurić,573-967-4739,KristijanDuric@fleckens.hu,male,-90.125839,36.777295,"4503 Sharon Lane",Fisk,63940
Theaunnowly58,toh0bie2In5,Maria,Ivanković,317-917-7415,MariaIvankovic@fleckens.hu,female,-86.173819,39.720677,"3657 Elk City Road",Indianapolis,46204
Biturnight,Iem4YieMu1,Ivana,Perković,307-377-7515,IvanaPerkovic@gustr.com,female,-110.340906,41.159455,"1831 Arbor Court","Mountain View",82939
Poters,iiFeidoh3ei,Elena,Miletić,908-552-6541,ElenaMiletic@superrito.com,female,-74.166194,40.672615,"722 Caynor Circle",Newark,07102
Morpegir,Aigoob9eedie,Božo,Varga,703-776-7662,BozoVarga@rhyta.com,male,-77.285715,38.913381,"288 Perine Street","Falls Church",22042
Yestand,aidee3Chu,Pribislav,Bosanac,919-557-1938,PribislavBosanac@rhyta.com,male,-78.88626,35.554408,"2366 Nancy Street","Fuquay Varina",27526
Turstraccon,aiNg6gahch,Dragana,Kovač,318-916-6319,DraganaKovac@cuvox.de,female,-93.838353,32.468146,"1827 Tecumsah Lane",Shreveport,71101
Sains1955,eep4Fiegh,Vjeran,Živković,402-299-6473,VjeranZivkovic@fleckens.hu,male,-96.021976,41.239721,"3500 Poling Farm Road",Omaha,68102
Andesiscrip,uNo6yei8i,Elvis,Kolar,718-849-4056,ElvisKolar@dayrep.com,male,-73.88243,40.828158,"3389 Patterson Road",Queens,11418
Nolibleyou59,ut1oeJache,Dorotea,Nikolić,815-566-1548,DoroteaNikolic@jourrapide.com,female,-89.138383,42.388757,"1005 Matthews Street",Rockford,61101
Scigigive,Iecohm2x,Matea,Šimunović,740-664-1152,MateaSimunovic@dayrep.com,female,-82.359613,39.381161,"3217 Jessie Street","New Marshfield",45766
Himmaysion,oodeig9Sogh,Štefanija,Crnić,724-747-9553,StefanijaCrnic@superrito.com,female,-80.114539,40.419027,"3822 Platinum Drive",Bridgeville,15017
Hicle1952,ChahRoh5eim,Danijela,Jurišić,512-821-1650,DanijelaJurisic@superrito.com,female,-97.726822,30.315348,"2612 Brentwood Drive",Austin,78753
Teforning,biRieh3oo,Blago,Obad,646-758-1477,BlagoObad@cuvox.de,male,-74.076233,40.637317,"1063 Forest Avenue","New York",10014
Hicuregary,ahshi7Oar9sh,Tamara,Novosel,302-663-9449,TamaraNovosel@jourrapide.com,female,-75.2251,40.021804,"4987 Maud Street",Philadelphia,19103
Alleme,seM0Chieb1,Mladen,Pejić,973-728-3335,MladenPejic@fleckens.hu,male,-74.312288,40.988126,"2990 Spring Haven Trail","West Milford",07480
Tileords1996,cohFeeWae1,Elizabeta,Poljak,402-822-1357,ElizabetaPoljak@cuvox.de,female,-95.967109,41.255213,"4765 North Avenue",Omaha,68114
Anouncy,Pohdeith6,Tamara,Kovačević,734-257-0307,TamaraKovacevic@cuvox.de,female,-83.26005,42.437344,"291 Lakeland Terrace",Southfield,48075
Wousing,uwaeThueyo0,Tihomil,Čerkez,406-451-8885,TihomilCerkez@einrot.com,male,-108.359597,45.631712,"2785 West Fork Street",Billings,59101
Forintolue,SheeTh2l,Diana,Jurić,310-914-8973,DianaJuric@einrot.com,female,-118.342967,34.021918,"3713 Prospect Valley Road","West Los Angeles",90025
Thromparsus,oc1eRie4ph,Prvoslav,Debeljak,203-702-5623,PrvoslavDebeljak@superrito.com,male,-73.609854,41.044432,"3311 Asylum Avenue",Stamford,06995
Expeconen,angeaTu4,Stjepan,Vukelić,304-633-8283,StjepanVukelic@dayrep.com,male,-82.077645,38.336692,"4848 Hall Valley Drive",Culloden,25510
Antark,AiMae5got5Ie,Veselko,Pavić,415-982-1402,VeselkoPavic@gustr.com,male,-122.33079,37.756373,"2930 Locust View Drive","San Francisco",94108
Riatecand,aikah4Th,Bogdan,Jukić,614-481-2750,BogdanJukic@rhyta.com,male,-83.098582,39.899557,"3482 Quilly Lane","Upper Arlington",43221
Werving,quai6Ohpah,Blago,Janković,906-337-5674,BlagoJankovic@dayrep.com,male,-88.532564,47.289939,"2886 Wood Duck Drive",Calumet,49913
Comee1941,Taew5ziemec,Ksenija,Ivanković,906-672-8545,KsenijaIvankovic@fleckens.hu,female,-87.416965,46.577016,"2352 Pinewood Avenue",Marquette,49855
Onsed1978,veiyeu9Sei,Divna,Topić,580-804-1363,DivnaTopic@superrito.com,female,-99.042832,35.47656,"4092 Late Avenue",Clinton,73601
Testim,AeNg0ies,Spomenka,Mihaljević,404-346-8305,SpomenkaMihaljevic@superrito.com,female,-84.488329,33.635929,"4289 College Street",Atlanta,30331
Witteorsell,In3ohb3ph,Nadica,Tkalčić,703-963-4954,NadicaTkalcic@rhyta.com,female,-77.491406,39.00199,"4377 Broadcast Drive",Chantilly,22021
Dowasobod,iejeiva6Th,Kažimir,Pavičić,404-713-2224,KazimirPavicic@jourrapide.com,male,-84.366632,33.664012,"4726 Despard Street",Atlanta,30303
Butibill,mae8Ochah,Mislav,Marković,330-262-7885,MislavMarkovic@dayrep.com,male,-81.890957,40.721348,"1101 Briarhill Lane",Wooster,44691
Tram1957,ufaWe7aer5,Dragana,Lučić,908-991-1670,DraganaLucic@dayrep.com,female,-74.353811,40.566281,"3115 Fairfax Drive","New Brunswick",08901
Acephror1971,xoh6phee7Ei,Darijo,Horvatinčić,419-589-7802,DarijoHorvatincic@superrito.com,male,-82.402534,40.853603,"3828 Stonecoal Road",Mansfield,44905
Signtearame,ya8baiS0ohj,Grgur,Perković,727-519-2106,GrgurPerkovic@armyspy.com,male,-82.800431,27.78415,"851 Maryland Avenue",Pinellas,34624
Afelf1965,PhiRohf6ie,Višeslav,Perić,301-350-8080,ViseslavPeric@cuvox.de,male,-76.979178,38.910095,"1307 Flanigan Oaks Drive","Capitol Heights",20027
Houlthe,Ao3hatie5,Blagica,Posavec,423-206-6221,BlagicaPosavec@fleckens.hu,female,-83.930027,36.048972,"1778 Nixon Avenue",Knoxville,37921
Pereadesen,Tuuroigh6ee,Milica,Petković,609-614-9407,MilicaPetkovic@jourrapide.com,female,-74.878923,39.952412,"744 Moonlight Drive",Moorestown,08057
Whiskentle,aahohQu0,Darko,Stanić,313-342-4941,DarkoStanic@fleckens.hu,male,-83.173602,42.438195,"3805 Prudence Street",Detroit,48221
Anturtat,aL3oe0reoz,Matija,Hrvatin,731-388-5906,MatijaHrvatin@armyspy.com,male,-89.995228,35.054283,"2760 Melville Street",Memphis,38118
Smon1987,Ahz2eec9eegh,Božo,Brkić,314-231-5618,BozoBrkic@teleworm.us,male,-90.150283,38.590345,"2870 State Street","Saint Louis",63101
Burrofted,Woo2utaequu,Đurđa,Petković,732-454-8536,DurdaPetkovic@rhyta.com,female,-74.31039,40.19576,"4603 Finwood Road",Freehold,07728
Faideringed,heiy3nei2I,Marica,Pranjić,717-478-7039,MaricaPranjic@superrito.com,female,-76.699586,40.02568,"2229 Saint James Drive",York,17401
Seciplaccont1942,AixooD6saew,Zlatko,Topić,662-688-6716,ZlatkoTopic@fleckens.hu,male,-90.154455,33.458182,"2183 Rafe Lane",Greenwood,38930
